Username,firstName,lastName,Email
KoyedaRaju,Raju,Koyeda,raju.koyeda@capgemini.com
SumalathaPulluru,Sumalatha,Pulluru,pulluru.sumalatha@capgemini.com
Chandra Mohan Kumar,Chandra,Kumar,chandra.a.kumar@capgemini.com
raju2,raju,Kumar,
akhil,kumar,test1,
SumalathaPulluru,Suma,pulluru,
waheda,test2,test1,
